step,type,amount,nameOrig,oldbalanceOrg,newbalanceOrig,nameDest,oldbalanceDest,newbalanceDest,isFraud,isFlaggedFraud
6,PAYMENT,2002.96,C1612554042,186648.78,184645.82,M1546272524,0.0,0.0,0,0
4,TRANSFER,522854.73,C539322891,0.0,0.0,C1916720513,6255171.04,6778025.76,0,0
1,CASH_IN,66413.56,C1541075662,7197141.06,7263554.62,C1590550415,19341041.88,19169204.93,0,0
4,CASH_OUT,116878.6,C1508667424,0.0,0.0,C1782113663,1356589.82,906564.46,0,0
4,CASH_IN,489529.12,C656844049,10707776.83,11197305.95,C248609774,7760414.85,6736054.44,0,0
6,CASH_IN,38739.05,C1170952967,2442504.31,2481243.36,C1183572822,129437.84,90698.78,0,0
1,PAYMENT,704.74,C1456061400,0.0,0.0,M1661777060,0.0,0.0,0,0
5,PAYMENT,5435.76,C1167582947,0.0,0.0,M1106043431,0.0,0.0,0,0
6,CASH_IN,46002.88,C823790002,6564756.68,6610759.56,C2043975568,58424.82,12421.94,0,0
1,CASH_IN,131409.27,C1476235721,8491742.16,8623151.43,C1068824137,290276.03,265092.36,0,0
2,CASH_IN,202758.62,C1687702287,1754955.07,1957713.69,C1068824137,631528.6,45982.28,0,0
7,PAYMENT,3439.96,C1803439542,10030.6,6590.64,M1549393863,0.0,0.0,0,0
5,PAYMENT,10940.74,C1919584041,325453.0,314512.26,M438772947,0.0,0.0,0,0
6,PAYMENT,7959.49,C1819665340,0.0,0.0,M409957428,0.0,0.0,0,0
3,DEBIT,5922.61,C512734831,17149.68,11227.07,C461160828,18493.88,24416.5,0,0
6,PAYMENT,35758.01,C653557958,206419.0,170660.99,M627556497,0.0,0.0,0,0
1,PAYMENT,4233.45,C737104370,0.0,0.0,M105966264,0.0,0.0,0,0
7,CASH_OUT,541556.34,C772310098,0.0,0.0,C909295153,9092634.94,10946293.06,0,0
6,PAYMENT,11132.52,C257641638,10673.0,0.0,M39898352,0.0,0.0,0,0
7,TRANSFER,436436.54,C81745089,0.0,0.0,C1419794148,2030839.78,2813795.5,0,0
7,PAYMENT,6689.88,C1382809908,22051.0,15361.12,M642143005,0.0,0.0,0,0
1,CASH_IN,27948.65,C1113414982,1180034.22,1207982.87,C611572016,30557.29,2608.64,0,0
4,TRANSFER,14237.75,C54440148,30258.0,16020.25,C116289363,0.0,14237.75,0,0
7,PAYMENT,6248.42,C519632870,0.0,0.0,M1517228866,0.0,0.0,0,0
5,CASH_IN,94588.1,C1717104778,8724669.46,8819257.56,C1397088232,152984.0,0.0,0,0
7,CASH_OUT,198823.6,C1384801340,9448.47,0.0,C1266035080,2026441.55,3232606.04,0,0
1,PAYMENT,6905.9,C1774589469,10614.5,3708.6,M988786279,0.0,0.0,0,0
7,PAYMENT,12157.95,C1267385618,0.0,0.0,M1485974016,0.0,0.0,0,0
6,CASH_OUT,85074.07,C1909002529,0.0,0.0,C542766981,124897.0,43655.86,0,0
7,CASH_OUT,26205.91,C1541339374,0.0,0.0,C1297685781,1094402.81,1120608.72,0,0
1,PAYMENT,4802.31,C424786033,0.0,0.0,M1545077099,0.0,0.0,0,0
1,CASH_IN,208664.25,C1216611732,4800759.18,4800759.18,C1870252780,4800759.18,7416184.79,0,0
4,PAYMENT,4513.92,C2032479363,718632.69,714118.77,M1874812338,0.0,0.0,0,0
5,CASH_IN,84189.52,C903663666,9051175.0,9135364.53,C1653859230,88475.76,4286.23,0,0
7,PAYMENT,418.38,C510622757,0.0,0.0,M444542260,0.0,0.0,0,0
2,TRANSFER,162724.99,C773059332,19340.02,0.0,C248609774,6534746.07,7760414.85,0,0
6,CASH_OUT,69603.22,C474027124,0.0,0.0,C481402298,217562.01,2274476.83,0,0
1,TRANSFER,2806.0,C1420196421,2806.0,0.0,C972765878,0.0,0.0,1,0
3,DEBIT,9635.1,C672493939,173069.0,163433.9,C1032986144,33111.63,42746.73,0,0
6,CASH_IN,357726.65,C367660195,1555711.7,1913438.35,C392292416,4296397.8,3267222.75,0,0
6,PAYMENT,5580.15,C675002551,123688.27,118108.12,M636050161,0.0,0.0,0,0
1,PAYMENT,24213.67,C1238616099,0.0,0.0,M70695990,0.0,0.0,0,0
7,TRANSFER,412292.82,C117556243,64796.88,0.0,C929452805,0.0,412292.82,0,0
1,PAYMENT,1012.86,C1377160602,284879.0,283866.14,M917935693,0.0,0.0,0,0
7,PAYMENT,8154.19,C560752677,56596.0,48441.81,M91147932,0.0,0.0,0,0
1,PAYMENT,3295.19,C711197015,233633.0,230337.81,M1384454980,0.0,0.0,0,0
4,PAYMENT,1276.01,C2062604571,0.0,0.0,M478113430,0.0,0.0,0,0
2,PAYMENT,208.35,C1204267493,49776.0,49567.65,M2035401634,0.0,0.0,0,0
1,PAYMENT,3970.45,C977522995,11349.0,7378.55,M969811954,0.0,0.0,0,0
1,TRANSFER,200612.49,C1285072597,26019.0,0.0,C728885526,696538.35,897150.84,0,0
3,PAYMENT,27659.67,C647218712,37057.0,9397.33,M876864630,0.0,0.0,0,0
7,PAYMENT,1405.24,C1786560237,16315.0,14909.76,M1033287931,0.0,0.0,0,0
5,CASH_IN,78588.13,C1966372954,3678275.07,3756863.21,C1721246982,955069.95,876481.82,0,0
7,TRANSFER,1284837.02,C882280168,541387.8,0.0,C11003494,13741343.06,15026180.08,0,0
2,PAYMENT,1156.11,C549049813,9044.0,7887.89,M1729958231,0.0,0.0,0,0
7,CASH_IN,89533.09,C1559469558,7857630.95,7947164.04,C1213485528,360373.89,234828.48,0,0
2,PAYMENT,1860.2,C1977189075,56541.0,54680.8,M1334391583,0.0,0.0,0,0
7,TRANSFER,95178.13,C857581345,0.0,0.0,C97730845,14563175.12,14658353.25,0,0
1,PAYMENT,2807.18,C1119277260,463883.0,461075.82,M268490061,0.0,0.0,0,0
1,TRANSFER,44944.32,C285058000,0.0,0.0,C1653859230,55414.0,100358.32,0,0
1,PAYMENT,7154.46,C829737737,10115.0,2960.54,M1296109622,0.0,0.0,0,0
7,TRANSFER,1223547.78,C143641035,0.0,0.0,C662736689,4766045.33,5677417.44,0,0
6,PAYMENT,2642.23,C1232675280,14485.1,11842.88,M1087439460,0.0,0.0,0,0
1,CASH_OUT,75405.1,C263053820,0.0,0.0,C1870252780,104209.0,46462.23,0,0
1,CASH_IN,26516.56,C1365790282,7716023.4,7742539.96,C1937962514,63127.8,8383.29,0,0
7,PAYMENT,1384.33,C261980805,41515.0,40130.67,M1739703215,0.0,0.0,0,0
2,CASH_IN,156534.89,C1493142905,2196575.62,2353110.51,C1318822808,483525.74,11142.89,0,0
7,PAYMENT,2894.91,C158605330,340279.98,337385.07,M294485518,0.0,0.0,0,0
6,PAYMENT,1217.22,C1083020379,52711.0,51493.78,M363682507,0.0,0.0,0,0
2,PAYMENT,2830.73,C1650299186,263.0,0.0,M2004305265,0.0,0.0,0,0
5,PAYMENT,8479.04,C6650683,333.0,0.0,M753570330,0.0,0.0,0,0
1,TRANSFER,348186.2,C706665172,0.0,0.0,C306206744,774212.55,3554299.27,0,0
2,TRANSFER,548202.26,C371054890,0.0,0.0,C453211571,3726770.23,3809570.13,0,0
2,CASH_IN,351633.67,C1163664780,1443170.79,1794804.46,C667346055,11047114.27,10695480.59,0,0
2,CASH_IN,391970.1,C205446988,6399805.66,6791775.76,C1590550415,18654338.84,18122628.7,0,0
7,PAYMENT,7991.47,C1819657704,100526.0,92534.53,M1765232168,0.0,0.0,0,0
1,CASH_IN,24105.5,C422522663,144.0,24249.5,C644345897,20875.0,0.0,0,0
6,CASH_IN,335389.99,C2126940193,11488141.21,11823531.2,C1590550415,17756311.0,18698748.85,0,0
7,CASH_IN,18743.6,C743891012,2799769.42,2818513.02,C838411509,29158.68,10415.08,0,0
1,PAYMENT,5078.54,C1173504361,185.83,0.0,M1792381498,0.0,0.0,0,0
7,PAYMENT,1724.87,C1881258837,0.0,0.0,M1612952911,0.0,0.0,0,0
1,CASH_OUT,68662.06,C118555812,2083.59,0.0,C1740000325,145843.39,1363368.51,0,0
5,PAYMENT,18850.92,C238998613,0.0,0.0,M666596577,0.0,0.0,0,0
3,PAYMENT,2465.65,C713702106,0.0,0.0,M1342198213,0.0,0.0,0,0
6,PAYMENT,11637.06,C741767653,50070.0,38432.94,M1106513402,0.0,0.0,0,0
2,PAYMENT,8216.87,C185939155,90210.24,81993.37,M1014278669,0.0,0.0,0,0
2,CASH_OUT,234198.21,C1336210565,0.0,0.0,C1234776885,1791710.89,1840076.94,0,0
2,DEBIT,3882.8,C890060621,15135.0,11252.2,C1018298342,9980.32,13863.12,0,0
7,PAYMENT,5875.72,C1042555191,147860.0,141984.28,M635096154,0.0,0.0,0,0
7,CASH_OUT,303393.13,C167599568,0.0,0.0,C1515704208,8691197.05,9973139.6,0,0
7,PAYMENT,10229.88,C1550093880,100351.0,90121.12,M1808324797,0.0,0.0,0,0
7,CASH_IN,297162.61,C1360711901,8482590.94,8779753.56,C909295153,8793989.46,9092634.94,0,0
7,PAYMENT,1969.13,C742199828,0.0,0.0,M1208371802,0.0,0.0,0,0
1,PAYMENT,4163.82,C1151512955,25083.17,20919.34,M2052489518,0.0,0.0,0,0
2,PAYMENT,473.51,C751259764,20452.0,19978.49,M1146859833,0.0,0.0,0,0
3,PAYMENT,25389.14,C577948592,11352.0,0.0,M66515916,0.0,0.0,0,0
7,PAYMENT,14065.07,C217590872,28535.0,14469.93,M336050495,0.0,0.0,0,0
7,DEBIT,1847.63,C1995416247,13438.0,11590.37,C1529639302,126771.23,8208.1,0,0
7,CASH_IN,23966.48,C219564344,1077932.61,1101899.09,C793315160,64836.97,40870.49,0,0
7,CASH_IN,99504.49,C979490841,2395219.66,2494724.15,C1281580764,584170.24,253888.02,0,0
1,PAYMENT,20573.4,C696165690,24641.0,4067.6,M181078353,0.0,0.0,0,0
5,PAYMENT,72.23,C167318637,45653.46,45581.23,M787497403,0.0,0.0,0,0
5,PAYMENT,6484.32,C1686232293,94294.0,87809.68,M305552344,0.0,0.0,0,0
7,PAYMENT,13517.23,C2012831257,102407.0,88889.77,M1174916066,0.0,0.0,0,0
6,PAYMENT,18219.9,C1095583342,15710.0,0.0,M967635335,0.0,0.0,0,0
1,CASH_IN,201342.13,C1859823482,6668468.08,6869810.21,C1529115495,268157.57,67268.02,0,0
1,CASH_OUT,598674.03,C1272115420,0.0,0.0,C985934102,1184203.57,971418.91,0,0
7,TRANSFER,226837.37,C861438042,61910.0,0.0,C1825992554,0.0,314551.85,0,0
7,PAYMENT,3325.01,C731542033,31443.0,28117.99,M1961643507,0.0,0.0,0,0
1,PAYMENT,2286.28,C1145391264,115792.0,113505.72,M929482343,0.0,0.0,0,0
6,PAYMENT,20112.79,C1696963667,0.0,0.0,M1275013351,0.0,0.0,0,0
6,PAYMENT,28710.56,C1823955413,0.0,0.0,M732526171,0.0,0.0,0,0
3,CASH_IN,116555.35,C480645280,687269.31,803824.66,C1219273867,126632.21,10076.87,0,0
1,CASH_OUT,427175.03,C1602167682,20465.43,0.0,C248609774,3404364.13,6453430.91,0,0
7,CASH_OUT,109654.05,C236213662,0.0,0.0,C1245442940,266821.0,896903.33,0,0
3,PAYMENT,1290.28,C697001207,1319.0,28.72,M1946904104,0.0,0.0,0,0
7,CASH_IN,14809.24,C872890697,4387819.76,4402629.0,C500058139,100664.0,85854.76,0,0
1,PAYMENT,8358.12,C1542598424,293.0,0.0,M645875534,0.0,0.0,0,0
1,PAYMENT,637.26,C836621476,54260.91,53623.65,M442465916,0.0,0.0,0,0
3,PAYMENT,14251.38,C700249373,0.0,0.0,M508864177,0.0,0.0,0,0
7,PAYMENT,8257.29,C845635028,57116.0,48858.71,M592520538,0.0,0.0,0,0
3,PAYMENT,1588.8,C1794531113,40155.84,38567.04,M923570200,0.0,0.0,0,0
7,DEBIT,2579.01,C225009565,383.0,0.0,C1359953204,63011.84,43835.75,0,0
6,PAYMENT,16418.78,C1558029640,16619.0,200.22,M1327842480,0.0,0.0,0,0
2,TRANSFER,984994.76,C1825656946,0.0,0.0,C909295153,5729799.14,7473141.22,0,0
4,PAYMENT,3616.2,C1990419108,6240.0,2623.8,M1641677843,0.0,0.0,0,0
2,DEBIT,4143.87,C700356991,100358.32,96214.45,C1810132623,100111.69,22736.93,0,0
3,PAYMENT,3222.39,C1110095671,18340.0,15117.61,M1071977170,0.0,0.0,0,0
7,PAYMENT,2998.32,C825134767,10750.0,7751.68,M1553338212,0.0,0.0,0,0
1,TRANSFER,191177.92,C1460126155,0.0,0.0,C716083600,1749950.57,2444985.19,0,0
6,PAYMENT,32064.62,C1471404137,52933.0,20868.38,M1374962590,0.0,0.0,0,0
2,CASH_OUT,57908.35,C835070183,0.0,0.0,C932583850,4353067.22,4410975.57,0,0
1,PAYMENT,4402.86,C533415944,4469.0,66.14,M1919834117,0.0,0.0,0,0
6,CASH_IN,167835.47,C1795925655,6015360.33,6183195.8,C1235151206,237711.6,69876.14,0,0
7,DEBIT,3352.99,C1491128748,15066.0,11713.01,C571435580,41614.0,11501.46,0,0
7,CASH_IN,179435.15,C1653474307,7124608.85,7304044.0,C451111351,7434501.43,7255066.28,0,0
1,TRANSFER,581294.26,C843299092,0.0,0.0,C1590550415,5195482.15,19169204.93,0,0
6,CASH_IN,229651.1,C1237547288,9285202.15,9514853.25,C1880332929,10928450.75,14932387.84,0,0
1,PAYMENT,624.1,C1393198164,1954993.04,1954368.93,M506775047,0.0,0.0,0,0
7,PAYMENT,2549.04,C941770293,0.0,0.0,M1938138927,0.0,0.0,0,0
1,PAYMENT,3372.29,C967323951,41398.0,38025.71,M1600594643,0.0,0.0,0,0
7,CASH_OUT,54504.93,C1747223278,0.0,0.0,C1060041730,227849.89,916266.8,0,0
6,CASH_OUT,206187.66,C1933032750,0.0,0.0,C248609774,6533528.37,6739716.03,0,0
1,PAYMENT,5307.88,C1768242710,0.0,0.0,M1971783162,0.0,0.0,0,0
7,CASH_IN,387222.06,C1899408794,592848.83,980070.88,C1297685781,685647.85,1120608.72,0,0
6,PAYMENT,8888.88,C1843302718,64802.65,55913.77,M2068113806,0.0,0.0,0,0
5,PAYMENT,15150.82,C200598670,0.0,0.0,M698272400,0.0,0.0,0,0
1,PAYMENT,1697.56,C1052842393,610733.41,609035.85,M1545327692,0.0,0.0,0,0
1,CASH_OUT,139754.72,C577245010,6000879.7,5861124.98,C932583850,2474475.78,2719172.89,0,0
4,CASH_OUT,109648.19,C1665837086,0.0,0.0,C2134357721,289012.04,50620.17,0,0
6,TRANSFER,1781452.87,C815593047,0.0,0.0,C766681183,11751840.87,13447674.95,0,0
6,PAYMENT,7371.23,C1633439396,11451.0,4079.77,M1098139353,0.0,0.0,0,0
3,CASH_OUT,25026.76,C1887326180,203643.0,178616.24,C67985650,11654.0,26579.75,0,0
7,PAYMENT,6323.42,C2107902964,204573.0,198249.58,M1970307376,0.0,0.0,0,0
5,PAYMENT,2283.56,C914930347,19867.0,17583.44,M1340267778,0.0,0.0,0,0
6,TRANSFER,10565.0,C777407608,10565.0,0.0,C1790657739,0.0,0.0,1,0
5,PAYMENT,2057.11,C1521179441,362.0,0.0,M1409864883,0.0,0.0,0,0
1,PAYMENT,4206.84,C215078753,0.0,0.0,M1757317128,0.0,0.0,0,0
6,CASH_IN,67248.4,C580212331,1461150.97,1528399.36,C1829344035,157867.82,90619.43,0,0
4,TRANSFER,64279.74,C313249054,21370.11,0.0,C1297685781,16997.22,81276.96,0,0
1,PAYMENT,9920.52,C764826684,0.0,0.0,M1940055334,0.0,0.0,0,0
3,PAYMENT,14043.68,C1297189990,72818.0,58774.32,M1092591822,0.0,0.0,0,0
7,PAYMENT,3984.14,C674608081,59401.71,55417.56,M552186123,0.0,0.0,0,0
1,PAYMENT,4804.68,C879311295,38100.95,33296.27,M1274247563,0.0,0.0,0,0
1,PAYMENT,3224.21,C1827212229,0.0,0.0,M173440626,0.0,0.0,0,0
1,CASH_OUT,28404.6,C2091072548,0.0,0.0,C1282788025,51744.0,0.0,0,0
7,TRANSFER,111913.25,C1761528165,0.0,0.0,C266418454,118545.81,230459.06,0,0
7,CASH_OUT,41210.57,C673216953,0.0,0.0,C954225330,109352.0,150562.57,0,0
7,CASH_IN,309741.86,C62443122,2671457.28,2981199.14,C1394526584,618730.52,1360079.51,0,0
1,PAYMENT,3603.99,C1145302895,418.0,0.0,M2118571592,0.0,0.0,0,0
1,PAYMENT,399.66,C1241938981,153760.0,153360.34,M168957945,0.0,0.0,0,0
7,CASH_IN,6189.93,C2003533730,6473606.9,6479796.83,C935612756,52447.0,642103.28,0,0
6,PAYMENT,10420.26,C1704853566,19809.0,9388.74,M1597802092,0.0,0.0,0,0
6,PAYMENT,6814.2,C628211188,0.0,0.0,M37858242,0.0,0.0,0,0
1,TRANSFER,1349670.68,C1419332030,0.0,0.0,C665576141,1538085.96,5515763.34,0,0
1,PAYMENT,3852.64,C472991420,1449076.27,1445223.63,M1455855843,0.0,0.0,0,0
1,PAYMENT,9492.53,C839552703,285.0,0.0,M1739653374,0.0,0.0,0,0
7,PAYMENT,2327.84,C813408648,0.0,0.0,M888391968,0.0,0.0,0,0
4,CASH_IN,193626.89,C2053555034,8703220.22,8896847.11,C985934102,1989764.96,1796138.08,0,0
6,PAYMENT,11149.55,C252451553,29535.0,18385.45,M2017312999,0.0,0.0,0,0
7,PAYMENT,38.92,C1288641854,496911.95,496873.04,M1979657069,0.0,0.0,0,0
2,DEBIT,1654.94,C737897289,146980.0,145325.06,C77811359,11147.0,12801.94,0,0
6,PAYMENT,22020.95,C265202525,72916.0,50895.05,M2034523899,0.0,0.0,0,0
3,CASH_OUT,63180.2,C582979874,26103.63,0.0,C1076835071,267912.2,125857.29,0,0
5,DEBIT,665.37,C1092170861,60311.0,59645.63,C2094777811,13707.11,14372.48,0,0
7,CASH_IN,29898.01,C945276373,7189490.46,7219388.47,C43924520,121521.0,47958.66,0,0
1,CASH_IN,81694.11,C1325866488,3717782.35,3799476.47,C2083562754,686540.82,1186556.81,0,0
7,CASH_IN,19247.53,C209391627,3168848.62,3188096.15,C1346667529,67867.28,61899.11,0,0
1,DEBIT,924.07,C721648892,21898.0,20973.93,C115939475,20955.0,0.0,0,0
1,PAYMENT,3154.06,C237373286,24239.0,21084.94,M742255664,0.0,0.0,0,0
7,CASH_IN,16220.42,C1708101024,3906907.44,3923127.86,C410033330,177942.6,161722.17,0,0
2,PAYMENT,6013.05,C2058127492,43830.0,37816.95,M174515584,0.0,0.0,0,0
3,PAYMENT,22421.09,C516570791,121670.0,99248.91,M620471432,0.0,0.0,0,0
2,CASH_IN,126516.27,C690287064,4375036.28,4501552.55,C968113504,202636.54,76120.27,0,0
7,PAYMENT,23532.24,C1198375087,0.0,0.0,M2038211362,0.0,0.0,0,0
4,CASH_IN,3523.06,C227005513,9854223.72,9857746.79,C1774531247,107441.76,103918.69,0,0
1,CASH_IN,65671.39,C1817154869,378896.52,444567.92,C716083600,1941128.49,2444985.19,0,0
2,PAYMENT,11101.89,C373682836,51530.0,40428.11,M1663431506,0.0,0.0,0,0
1,CASH_OUT,1277212.77,C467632528,1277212.77,0.0,C716083600,0.0,2444985.19,1,0
3,PAYMENT,2556.46,C1935994577,0.0,0.0,M1749978269,0.0,0.0,0,0
5,PAYMENT,5288.3,C856901180,66748.0,61459.7,M163631293,0.0,0.0,0,0
7,CASH_OUT,357427.06,C1584938872,0.0,0.0,C1313534832,376357.32,1005781.48,0,0
1,PAYMENT,339.82,C882646447,12076.0,11736.18,M234740890,0.0,0.0,0,0
3,PAYMENT,21568.37,C854719230,26407.0,4838.63,M594463953,0.0,0.0,0,0
7,TRANSFER,916428.17,C811741449,61266.0,0.0,C1394526584,308988.67,1360079.51,0,0
1,CASH_IN,2099.59,C685934,7096554.61,7098654.2,C1854778591,40471.79,0.0,0,0
7,CASH_IN,17488.73,C637283215,3865921.35,3883410.08,C403147759,213642.05,55290.48,0,0
1,DEBIT,5853.21,C2066892165,5039.0,0.0,C662736689,20018.0,4891090.56,0,0
7,PAYMENT,4801.94,C423457747,15169.0,10367.06,M1555348096,0.0,0.0,0,0
1,PAYMENT,2130.3,C847320212,10958.0,8827.7,M1201004240,0.0,0.0,0,0
2,PAYMENT,2713.13,C1406221524,0.0,0.0,M2005293363,0.0,0.0,0,0
7,CASH_IN,8893.16,C1386805129,7366239.26,7375132.42,C1120735174,36793.27,0.0,0,0
7,PAYMENT,7925.72,C40245733,0.0,0.0,M1147103911,0.0,0.0,0,0
7,CASH_IN,290124.75,C26842093,1958074.46,2248199.21,C1777369261,294971.9,4847.15,0,0
5,PAYMENT,2399.58,C305242558,80570.0,78170.42,M494367851,0.0,0.0,0,0
7,PAYMENT,14440.44,C1017472170,0.0,0.0,M1020745918,0.0,0.0,0,0
6,PAYMENT,7131.82,C1891383964,0.0,0.0,M1998372115,0.0,0.0,0,0
6,PAYMENT,7331.46,C2120120147,0.0,0.0,M291996777,0.0,0.0,0,0
7,CASH_OUT,128353.55,C2137351070,0.0,0.0,C1251686742,218737.53,347091.08,0,0
2,PAYMENT,10684.01,C1659452474,22174.58,11490.57,M1731795367,0.0,0.0,0,0
7,PAYMENT,4708.6,C2079515765,67940.0,63231.4,M242596583,0.0,0.0,0,0
6,PAYMENT,20192.75,C1843768662,11250.0,0.0,M827715984,0.0,0.0,0,0
7,PAYMENT,8565.08,C1542294417,0.0,0.0,M14679281,0.0,0.0,0,0
1,PAYMENT,6380.75,C608817143,31788.4,25407.65,M1118414398,0.0,0.0,0,0
7,CASH_IN,89385.18,C826542045,2412725.0,2502110.19,C2063763486,260557.78,171172.6,0,0
3,CASH_OUT,8294.34,C897541009,543936.31,535641.97,C24119573,41182.36,49476.7,0,0
7,CASH_OUT,139484.1,C1139386530,0.0,0.0,C1354952534,615897.2,755381.3,0,0
7,PAYMENT,6112.75,C1976233207,17767.0,11654.25,M103483282,0.0,0.0,0,0
2,PAYMENT,10024.14,C1474155611,31756.0,21731.86,M779876279,0.0,0.0,0,0
5,PAYMENT,491.11,C744983675,70925.0,70433.89,M173965920,0.0,0.0,0,0
1,PAYMENT,1979.94,C691779749,82034.0,80054.06,M37841489,0.0,0.0,0,0
1,CASH_IN,63255.29,C632475595,4904890.21,4968145.5,C1100439041,237735.3,0.0,0,0
6,PAYMENT,1695.69,C244922133,0.0,0.0,M1752069395,0.0,0.0,0,0
6,CASH_OUT,237752.47,C136108302,0.0,0.0,C1782113663,1477358.35,1655753.7,0,0
4,PAYMENT,865.79,C767794003,108307.54,107441.76,M1157856790,0.0,0.0,0,0
5,PAYMENT,3617.0,C857811226,3570.0,0.0,M1036283684,0.0,0.0,0,0
1,DEBIT,8901.32,C68195659,8687.52,0.0,C240650537,13182.08,0.0,0,0
1,CASH_IN,20490.81,C465869765,5966015.15,5986505.96,C878506901,21695.0,1204.19,0,0
6,DEBIT,149.11,C1264231563,32082.0,31932.89,C1182908789,135549.64,135698.74,0,0
7,CASH_OUT,116598.79,C256253084,0.0,0.0,C184253187,4231347.42,4598815.2,0,0
7,CASH_IN,23557.42,C1575043618,28710.29,52267.72,C313124964,31037.0,7479.58,0,0
2,PAYMENT,4886.95,C40910225,10105.32,5218.37,M1541427914,0.0,0.0,0,0
1,TRANSFER,17231.46,C1243171897,0.0,0.0,C783286238,24672.0,0.0,0,0
4,CASH_OUT,180145.39,C612686775,0.0,0.0,C33524623,268130.78,448276.17,0,0
1,PAYMENT,12271.39,C1498016680,715.0,0.0,M1846539844,0.0,0.0,0,0
1,PAYMENT,6173.13,C4181455,100312.0,94138.87,M1986581856,0.0,0.0,0,0
6,TRANSFER,72875.23,C420215012,73416.0,540.77,C1526298704,15498.25,88373.48,0,0
2,PAYMENT,7810.47,C317644782,13945.71,6135.24,M1010584177,0.0,0.0,0,0
2,CASH_OUT,51630.01,C224219987,0.0,0.0,C11003494,10103934.01,10155564.02,0,0
4,PAYMENT,4953.63,C1348283308,0.0,0.0,M1290584410,0.0,0.0,0,0
7,PAYMENT,9069.93,C26627833,20239.0,11169.07,M1009677262,0.0,0.0,0,0
1,TRANSFER,209711.11,C1556867940,0.0,0.0,C1509514333,399214.71,2415.16,0,0
7,CASH_IN,283223.78,C1104899659,7582267.46,7865491.24,C1805683209,6159563.44,5876339.66,0,0
6,PAYMENT,17575.98,C618864390,8512.0,0.0,M1562772628,0.0,0.0,0,0
4,TRANSFER,2930418.44,C2047521920,2930418.44,0.0,C449261773,0.0,0.0,1,0
7,PAYMENT,2910.53,C1892261395,51256.0,48345.47,M840259832,0.0,0.0,0,0
3,PAYMENT,22178.82,C1835477972,40962.0,18783.18,M1735854903,0.0,0.0,0,0
7,PAYMENT,656.31,C861939497,25215.0,24558.69,M909644303,0.0,0.0,0,0
4,CASH_IN,280770.07,C1965779427,2703168.92,2983939.0,C1446521801,6540346.28,5692737.46,0,0
2,CASH_OUT,32969.34,C631766751,164131.0,131161.66,C20671747,48615.1,81584.44,0,0
4,TRANSFER,178055.95,C46727015,9181.0,0.0,C716083600,1309620.48,1423811.37,0,0
7,CASH_IN,185741.02,C1373072083,2100408.07,2286149.09,C1022023283,198374.07,12633.05,0,0
7,PAYMENT,6512.87,C1526694407,193112.0,186599.13,M1784322521,0.0,0.0,0,0
1,PAYMENT,5674.62,C783141366,1186556.81,1180882.19,M688113407,0.0,0.0,0,0
1,TRANSFER,39069.42,C1091107430,0.0,0.0,C22805895,238390.23,651524.92,0,0
6,PAYMENT,12174.55,C1898469011,30037.0,17862.45,M832152066,0.0,0.0,0,0
7,PAYMENT,11226.69,C1157136713,145486.0,134259.31,M991572261,0.0,0.0,0,0
5,CASH_IN,644028.87,C1485438020,7285749.57,7929778.44,C1446521801,5222970.47,4670978.14,0,0
2,CASH_IN,66892.29,C1019416046,9683446.56,9750338.86,C1380361139,362727.08,62111.53,0,0
1,PAYMENT,5462.01,C1552179791,26289.0,20826.99,M1661161169,0.0,0.0,0,0
3,PAYMENT,3236.22,C1546727972,0.0,0.0,M505316221,0.0,0.0,0,0
7,PAYMENT,14731.43,C246903361,0.0,0.0,M427665153,0.0,0.0,0,0
7,PAYMENT,19286.24,C647226268,56890.0,37603.76,M1270529736,0.0,0.0,0,0
7,PAYMENT,2162.91,C169600459,191839.0,189676.09,M1373719734,0.0,0.0,0,0
1,TRANSFER,637161.0,C1846982837,0.0,0.0,C1789550256,1166259.76,4619798.56,0,0
6,CASH_OUT,26768.5,C682812632,26768.5,0.0,C256417920,101976.0,128744.5,1,0
7,PAYMENT,4854.86,C358049703,20379.0,15524.14,M1410901593,0.0,0.0,0,0
1,PAYMENT,6534.05,C1097069005,11301.0,4766.95,M1604342290,0.0,0.0,0,0
7,PAYMENT,285.59,C831019851,0.0,0.0,M1670283668,0.0,0.0,0,0
5,TRANSFER,71741.21,C1404703093,367623.0,295881.79,C860798122,1540.44,73281.65,0,0
6,PAYMENT,37887.08,C839404033,344.0,0.0,M1725382189,0.0,0.0,0,0
1,TRANSFER,761507.39,C412788346,0.0,0.0,C1590550415,1280036.23,19169204.93,0,0
7,TRANSFER,442422.28,C1924009991,0.0,0.0,C1234776885,3062223.92,4441465.94,0,0
7,PAYMENT,1410.56,C98741020,21669.0,20258.44,M928607044,0.0,0.0,0,0
7,PAYMENT,27004.28,C887596583,196559.22,169554.94,M1538784312,0.0,0.0,0,0
6,PAYMENT,13364.51,C472201306,0.0,0.0,M1976617670,0.0,0.0,0,0
2,PAYMENT,2390.56,C19400322,687258.39,684867.83,M1103934393,0.0,0.0,0,0
1,CASH_OUT,159657.1,C1366629983,0.0,0.0,C716083600,2640580.83,2444985.19,0,0
2,TRANSFER,149935.68,C498748934,0.0,0.0,C811597470,204822.85,354758.53,0,0
4,PAYMENT,4504.32,C117701189,0.0,0.0,M1586519852,0.0,0.0,0,0
6,PAYMENT,8912.09,C429018901,21388.0,12475.91,M1645449962,0.0,0.0,0,0
7,PAYMENT,18747.29,C271099719,0.0,0.0,M612958241,0.0,0.0,0,0
7,PAYMENT,6331.43,C1538679264,99504.0,93172.57,M419233406,0.0,0.0,0,0
1,CASH_IN,336237.38,C16736375,3092929.75,3429167.12,C306206744,3890536.65,3554299.27,0,0
7,PAYMENT,1146.54,C1614427365,10191.0,9044.46,M369977528,0.0,0.0,0,0
6,CASH_IN,261519.42,C525630200,1584985.4,1846504.82,C193864812,564450.86,302931.44,0,0
7,PAYMENT,5385.54,C1162021415,55858.0,50472.46,M461634243,0.0,0.0,0,0
6,PAYMENT,12809.53,C1240796303,799724.0,786914.47,M1189496205,0.0,0.0,0,0
1,PAYMENT,1380.95,C800493254,32860.06,31479.11,M225553858,0.0,0.0,0,0
7,PAYMENT,2826.25,C1230904017,74338.97,71512.73,M1299436497,0.0,0.0,0,0
6,CASH_IN,113859.94,C66348462,4563815.27,4677675.22,C1255024717,10833791.0,12947437.37,0,0
1,PAYMENT,261.95,C1296928719,1803.0,1541.05,M1628289406,0.0,0.0,0,0
6,CASH_IN,21865.49,C1631018495,12110856.37,12132721.86,C1778801068,7468357.55,8680195.01,0,0
2,PAYMENT,7738.69,C871065432,96214.45,88475.76,M260727363,0.0,0.0,0,0
1,CASH_OUT,50101.88,C1740826931,0.0,0.0,C97730845,67684.0,9940339.29,0,0
6,TRANSFER,665949.93,C2087202342,0.0,0.0,C657736958,5203102.94,5854252.35,0,0
7,PAYMENT,4171.83,C1836725311,458288.29,454116.45,M1563163807,0.0,0.0,0,0
6,PAYMENT,9766.07,C1154661312,2113.0,0.0,M51432525,0.0,0.0,0,0
1,PAYMENT,17373.04,C229919394,19873.62,2500.58,M769877691,0.0,0.0,0,0
6,CASH_OUT,33332.86,C685428529,33332.86,0.0,C1626759869,31002.0,0.0,1,0
7,CASH_IN,12401.8,C653130292,6461205.1,6473606.9,C1726231784,29756.0,0.0,0,0
7,TRANSFER,717318.86,C1226283307,0.0,0.0,C1515704208,8994590.18,9973139.6,0,0
7,CASH_OUT,255496.7,C840106684,8664.2,0.0,C1870252780,10520814.04,10857989.45,0,0
6,CASH_OUT,203376.02,C516753877,0.0,0.0,C1789550256,3871016.4,5020386.7,0,0
1,CASH_IN,35502.25,C1454171136,3809743.17,3845245.42,C1832580921,41159.0,0.0,0,0
6,PAYMENT,18655.15,C1240016676,0.0,0.0,M732214059,0.0,0.0,0,0
4,PAYMENT,708.29,C592655690,3225.52,2517.24,M2088687402,0.0,0.0,0,0
6,CASH_IN,330293.92,C1561688223,1982312.78,2312606.69,C1303868418,3615008.01,3284714.1,0,0
7,PAYMENT,34866.59,C1334198737,6389.29,0.0,M1835916981,0.0,0.0,0,0
6,CASH_IN,65214.03,C710088247,6183195.8,6248409.83,C399685190,118108.12,52894.1,0,0
7,DEBIT,5418.64,C1163059848,3088.0,0.0,C542220524,45155.0,98719.13,0,0
3,PAYMENT,1667.18,C1015139714,38567.04,36899.86,M287056540,0.0,0.0,0,0
6,PAYMENT,3354.28,C1488320466,44004.0,40649.72,M197470785,0.0,0.0,0,0
7,TRANSFER,2222097.28,C1233563882,0.0,0.0,C1870252780,8298716.77,10857989.45,0,0
6,PAYMENT,13817.6,C1292599253,26268.59,12450.99,M484573851,0.0,0.0,0,0
6,PAYMENT,15242.55,C1494188138,241996.0,226753.45,M577220795,0.0,0.0,0,0
3,PAYMENT,952.87,C647111342,42898.6,41945.73,M321192242,0.0,0.0,0,0
7,PAYMENT,2701.58,C1660891176,121560.0,118858.42,M1172737964,0.0,0.0,0,0
7,CASH_OUT,114482.31,C216998824,0.0,0.0,C766681183,13172771.41,13146711.0,0,0
4,PAYMENT,929.14,C1401212518,16901.81,15972.67,M1799545709,0.0,0.0,0,0
1,TRANSFER,354832.51,C152848959,2805.0,0.0,C1100767002,13865.06,233370.36,0,0
3,PAYMENT,18409.27,C1819552644,14504.0,0.0,M1572066684,0.0,0.0,0,0
1,CASH_IN,288438.0,C1865617081,1243137.72,1531575.72,C33524623,2082750.45,1517262.16,0,0
1,PAYMENT,1296.58,C1181567472,1542.14,245.56,M1896708863,0.0,0.0,0,0
7,CASH_OUT,12837.77,C1388742949,29867.0,17029.23,C751413576,7063.0,19900.77,0,0
4,CASH_OUT,3806.52,C700171836,420.0,0.0,C187649742,95728.87,99535.4,0,0
3,PAYMENT,9399.1,C1744190758,28964.0,19564.9,M1399550388,0.0,0.0,0,0
7,PAYMENT,6664.42,C672147662,135669.0,129004.58,M1190097728,0.0,0.0,0,0
6,CASH_OUT,122817.49,C1039352074,0.0,0.0,C97730845,13844492.54,13967310.03,0,0
5,CASH_IN,746177.2,C598722341,106732.41,852909.6,C728526866,6671931.33,5154700.22,0,0
5,PAYMENT,2043.8,C540501426,10378.46,8334.66,M2114259937,0.0,0.0,0,0
7,PAYMENT,1856.11,C525933358,24410.0,22553.89,M505434149,0.0,0.0,0,0
4,PAYMENT,196.76,C801783477,14554.0,14357.24,M1777030223,0.0,0.0,0,0
7,CASH_IN,185113.63,C1198122764,2200589.71,2385703.34,C248609774,6739716.03,6779118.04,0,0
7,CASH_IN,79069.17,C612189364,5392.0,84461.17,C1219273867,10076.87,0.0,0,0
1,PAYMENT,6376.99,C1613332278,357871.0,351494.01,M468776694,0.0,0.0,0,0
4,PAYMENT,38.14,C1467742939,4083.0,4044.86,M632168320,0.0,0.0,0,0
7,PAYMENT,11856.98,C1894492702,156795.0,144938.02,M1029586776,0.0,0.0,0,0
6,PAYMENT,14390.28,C1163979541,0.0,0.0,M576698206,0.0,0.0,0,0
6,TRANSFER,168867.61,C2080672560,0.0,0.0,C657736958,5756801.39,5854252.35,0,0
7,PAYMENT,10283.64,C1401980462,61245.0,50961.36,M1338826013,0.0,0.0,0,0
2,PAYMENT,8048.16,C1677309282,40002.33,31954.17,M552260985,0.0,0.0,0,0
1,CASH_OUT,373068.26,C1047934137,20034.0,0.0,C1286084959,1427960.73,2107778.11,0,0
1,PAYMENT,2488.09,C1120670624,65600.32,63112.23,M855501888,0.0,0.0,0,0
7,CASH_OUT,97217.75,C1112584385,0.0,0.0,C400720732,130815.71,45394.67,0,0
5,CASH_IN,354741.15,C1051471498,3563789.59,3918530.75,C2134357721,405361.32,50620.17,0,0
6,PAYMENT,10219.4,C1877334646,0.0,0.0,M2010734170,0.0,0.0,0,0
3,PAYMENT,372.28,C1273012861,36620.96,36248.68,M1597400455,0.0,0.0,0,0
7,PAYMENT,7462.87,C1393484058,20318.0,12855.13,M1422989013,0.0,0.0,0,0
1,CASH_IN,71151.31,C336927685,2091563.17,2162714.48,C1068824137,336243.67,265092.36,0,0
2,PAYMENT,1212.07,C247309715,2662.06,1449.99,M1469235340,0.0,0.0,0,0
5,CASH_OUT,268894.02,C1840987517,0.0,0.0,C1870252780,6569621.46,8598427.92,0,0
5,CASH_IN,21391.13,C1571125860,9780865.67,9802256.8,C985934102,1796138.08,1589065.96,0,0
7,CASH_IN,182036.49,C844789788,3540110.85,3722147.34,C1982828534,185023.0,2986.51,0,0
5,PAYMENT,11470.25,C979166392,0.0,0.0,M948208151,0.0,0.0,0,0
7,CASH_IN,51260.1,C261716431,3878333.64,3929593.74,C644345897,102413.2,51153.1,0,0
7,PAYMENT,9230.32,C49322247,0.0,0.0,M1867721054,0.0,0.0,0,0
7,PAYMENT,8674.41,C1089013300,0.0,0.0,M2024971776,0.0,0.0,0,0
5,PAYMENT,6608.18,C1248488041,73482.0,66873.82,M1568611929,0.0,0.0,0,0
1,CASH_IN,47440.86,C168468389,201780.95,249221.81,C200224114,0.0,0.0,0,0
1,PAYMENT,2673.52,C1840217399,51875.0,49201.48,M598049166,0.0,0.0,0,0
7,CASH_IN,274903.54,C2100829870,2096181.29,2371084.83,C766681183,13447674.95,13146711.0,0,0
2,CASH_IN,28652.4,C27971761,6371153.27,6399805.66,C885951223,215851.28,281857.03,0,0
1,PAYMENT,6488.6,C1181545730,82949.0,76460.4,M1535116392,0.0,0.0,0,0
2,CASH_IN,214226.11,C1532915766,4623304.93,4837531.04,C33524623,352621.6,138395.49,0,0
7,TRANSFER,1170389.4,C1526378110,3611.91,0.0,C451111351,4401926.06,7255066.28,0,0
7,CASH_IN,193980.81,C1019397304,1013157.07,1207137.88,C202149782,211963.2,17982.39,0,0
2,PAYMENT,1044.89,C1810748644,18366.83,17321.94,M1165023158,0.0,0.0,0,0
1,TRANSFER,639378.37,C1135935001,0.0,0.0,C392292416,753824.15,3420103.09,0,0
1,PAYMENT,5575.09,C2042884127,5773.0,197.91,M1815025408,0.0,0.0,0,0
6,PAYMENT,23855.7,C1253600042,171.0,0.0,M2006168925,0.0,0.0,0,0
6,DEBIT,1162.19,C132753462,20845.0,19682.81,C985934102,1664654.27,2941514.43,0,0
1,CASH_OUT,100740.53,C178575564,696313.01,595572.48,C248609774,6453430.91,6534746.07,0,0
2,CASH_OUT,49267.14,C457245448,0.0,0.0,C1134894336,90955.09,2167.32,0,0
1,PAYMENT,413.4,C1082865087,56237.03,55823.63,M699221219,0.0,0.0,0,0
6,PAYMENT,19227.1,C151781803,20765.0,1537.9,M965874704,0.0,0.0,0,0
7,PAYMENT,19608.07,C2091004319,0.0,0.0,M6634074,0.0,0.0,0,0
3,PAYMENT,8501.84,C1588976146,11206.0,2704.16,M1246810186,0.0,0.0,0,0
4,PAYMENT,6650.35,C1752402342,0.0,0.0,M140778365,0.0,0.0,0,0
2,PAYMENT,92.37,C89144801,14462.0,14369.63,M855286124,0.0,0.0,0,0
6,PAYMENT,15983.15,C1531670331,30896.0,14912.85,M852779561,0.0,0.0,0,0
7,CASH_IN,16589.84,C1094615622,827042.28,843632.12,C967425740,112154.0,5651.0,0,0
1,PAYMENT,2210.66,C339788561,32902.0,30691.34,M412835761,0.0,0.0,0,0
2,PAYMENT,21069.51,C1405548909,6346.0,0.0,M1130153977,0.0,0.0,0,0
5,TRANSFER,97661.94,C1827344889,29749.0,0.0,C407757655,40662.0,0.0,0,0
6,PAYMENT,12743.43,C423207828,26373.0,13629.57,M237789822,0.0,0.0,0,0
6,PAYMENT,9587.91,C1962297767,5265.0,0.0,M814507488,0.0,0.0,0,0
1,PAYMENT,3735.16,C45643137,672.0,0.0,M1715686600,0.0,0.0,0,0
1,CASH_IN,221557.88,C514453513,11599.0,233156.88,C998351292,1781393.88,1015132.48,0,0
1,PAYMENT,4098.78,C1026483832,503264.0,499165.22,M1635378213,0.0,0.0,0,0
1,CASH_IN,312061.25,C1248310508,3806810.45,4118871.69,C401424608,1178808.14,0.0,0,0
6,PAYMENT,2689.41,C371630068,2136.0,0.0,M1749810089,0.0,0.0,0,0
7,CASH_OUT,261370.99,C2080658983,0.0,0.0,C1778801068,7625672.84,8680195.01,0,0
7,CASH_OUT,176673.12,C1726238623,0.0,0.0,C1085479446,422281.85,346139.62,0,0
4,PAYMENT,3118.48,C1821786174,6344.0,3225.52,M2074865054,0.0,0.0,0,0
1,CASH_OUT,310157.55,C1556461159,0.0,0.0,C1590550415,19105114.55,19169204.93,0,0
5,CASH_IN,101055.18,C1980278840,1417368.88,1518424.06,C392292416,4397452.99,4296397.8,0,0
6,CASH_OUT,13704.0,C1421965867,13704.0,0.0,C1438594533,3382.84,143675.35,1,0
2,PAYMENT,4691.54,C65894433,20682.0,15990.46,M1002406942,0.0,0.0,0,0
1,PAYMENT,3666.42,C1544895390,48117.0,44450.58,M712410791,0.0,0.0,0,0
7,CASH_OUT,23691.12,C877457423,0.0,0.0,C9108707,34225.0,57916.12,0,0
4,PAYMENT,5249.58,C1289903687,13476.0,8226.42,M1669392873,0.0,0.0,0,0
2,CASH_OUT,108702.86,C2008762581,0.0,0.0,C248609774,6180951.73,6534746.07,0,0
7,CASH_OUT,160642.36,C1520808879,0.0,0.0,C40075281,190539.16,1674676.75,0,0
7,TRANSFER,603999.01,C85304558,1381.0,0.0,C1003872245,159949.0,114686.09,0,0
7,PAYMENT,10414.2,C1722496790,181118.0,170703.8,M272243411,0.0,0.0,0,0
1,PAYMENT,6598.71,C727666004,16392.0,9793.29,M1601935322,0.0,0.0,0,0
4,CASH_IN,180025.45,C1798299644,5059628.0,5239653.45,C1674899618,7074754.63,6894729.18,0,0
7,CASH_OUT,284451.31,C1030517074,0.0,0.0,C111210112,420790.7,705242.01,0,0
7,TRANSFER,1103184.69,C207950470,83873.0,0.0,C470217116,10090.0,986103.34,0,0
6,PAYMENT,6342.6,C2013901882,658785.64,652443.04,M1708804701,0.0,0.0,0,0
1,DEBIT,6077.94,C609389093,73904.0,67826.06,C775514090,11082.0,0.0,0,0
3,PAYMENT,16048.8,C456653804,114995.0,98946.2,M1243705012,0.0,0.0,0,0
7,CASH_OUT,158333.5,C1940424465,1951.36,0.0,C1191924243,165911.24,174354.81,0,0
7,TRANSFER,570796.52,C396926129,0.0,0.0,C863811613,757713.52,1328510.04,0,0
7,PAYMENT,6998.25,C1005445961,20601.0,13602.75,M1343837945,0.0,0.0,0,0
7,PAYMENT,15116.37,C1404582039,31354.67,16238.3,M687842599,0.0,0.0,0,0
1,DEBIT,625.92,C615954678,30165.0,29539.08,C811587677,1042.0,0.0,0,0
7,CASH_OUT,174895.86,C891978115,108908.11,0.0,C1477979030,10869605.13,10780596.35,0,0
7,CASH_IN,224142.13,C1836493317,6553942.16,6778084.29,C1933965693,646126.87,421984.74,0,0
2,DEBIT,3817.82,C1691678663,30406.0,26588.18,C1234250905,11132.03,0.0,0,0
4,PAYMENT,4083.67,C593881656,69086.0,65002.33,M213850519,0.0,0.0,0,0
1,TRANSFER,176334.26,C169880779,45136.0,0.0,C1286084959,1251626.46,2107778.11,0,0
3,PAYMENT,8777.15,C1732146867,0.0,0.0,M468567811,0.0,0.0,0,0
7,PAYMENT,11899.28,C1655635061,34594.0,22694.72,M13002046,0.0,0.0,0,0
4,CASH_IN,107702.78,C984978888,110961.0,218663.78,C1820355723,4819.61,0.0,0,0
6,CASH_OUT,54095.79,C67795316,0.0,0.0,C1922859107,676346.01,629441.42,0,0
1,CASH_IN,131027.05,C557016605,2912649.49,3043676.54,C35534346,178120.16,10317.66,0,0
1,PAYMENT,8092.1,C1856093404,1302.0,0.0,M123337428,0.0,0.0,0,0
6,PAYMENT,23041.84,C618403084,845.0,0.0,M489508218,0.0,0.0,0,0
5,PAYMENT,1690.65,C1789759900,925.0,0.0,M1455696228,0.0,0.0,0,0
6,CASH_OUT,529296.76,C1255983489,0.0,0.0,C1477979030,1495824.1,9113630.99,0,0
7,TRANSFER,436465.06,C1390694257,25838.0,0.0,C758750856,26547.0,463012.06,0,0
1,PAYMENT,17396.31,C989033734,0.0,0.0,M1315795813,0.0,0.0,0,0
1,PAYMENT,11990.19,C647149086,885.0,0.0,M2070160397,0.0,0.0,0,0
6,PAYMENT,1056.8,C1180245656,24844.0,23787.2,M1533854532,0.0,0.0,0,0
6,CASH_IN,176065.68,C581318464,1653522.79,1829588.47,C1778801068,8016369.59,7468357.55,0,0
5,PAYMENT,7002.74,C888289302,4103.0,0.0,M1731654671,0.0,0.0,0,0
1,PAYMENT,6811.97,C864248990,81564.0,74752.02,M285074186,0.0,0.0,0,0
2,PAYMENT,11667.76,C457714879,459092.0,447424.24,M1713365029,0.0,0.0,0,0
1,PAYMENT,5831.03,C1028145537,0.0,0.0,M1628551735,0.0,0.0,0,0
7,PAYMENT,4761.57,C1726118601,0.0,0.0,M1161542555,0.0,0.0,0,0
2,CASH_IN,94841.38,C1815501246,6174216.89,6269058.27,C657736958,5605441.77,5579568.65,0,0
7,CASH_IN,105342.59,C68389623,4801725.13,4907067.72,C410033330,283285.19,161722.17,0,0
1,PAYMENT,2407.47,C930317866,0.0,0.0,M611502040,0.0,0.0,0,0
1,PAYMENT,1035.36,C806813022,71636.0,70600.64,M902860396,0.0,0.0,0,0
2,PAYMENT,8545.5,C414765427,53188.0,44642.5,M1938047257,0.0,0.0,0,0
7,CASH_OUT,560156.47,C1060786847,0.0,0.0,C1262822392,16853978.68,17993742.14,0,0
1,PAYMENT,7265.63,C1768882706,14508.0,7242.37,M1463022229,0.0,0.0,0,0
1,PAYMENT,2131.84,C1987977423,224.0,0.0,M61073295,0.0,0.0,0,0
6,PAYMENT,14431.75,C1151395471,0.0,0.0,M1450945109,0.0,0.0,0,0
7,PAYMENT,594.18,C862506754,824713.6,824119.42,M779529705,0.0,0.0,0,0
1,TRANSFER,289203.45,C1094272405,0.0,0.0,C998351292,979086.58,1015132.48,0,0
7,PAYMENT,6205.12,C900958598,69335.0,63129.88,M469765167,0.0,0.0,0,0
7,PAYMENT,9201.08,C300374338,107384.0,98182.92,M600185883,0.0,0.0,0,0
7,TRANSFER,25900.29,C1032122643,19932.0,0.0,C1520366382,24920.0,50820.29,0,0
7,CASH_IN,273252.15,C800213720,4978261.03,5251513.17,C1636786811,6598671.19,6779300.28,0,0
1,DEBIT,9755.38,C1991094835,102287.0,92531.62,C985934102,1174448.2,971418.91,0,0
2,CASH_OUT,205054.97,C2050124277,17996.17,0.0,C451111351,3419944.48,2560556.45,0,0
1,CASH_IN,152823.85,C365625031,6565786.32,6718610.17,C1789550256,1202635.39,4619798.56,0,0
1,CASH_IN,863.08,C1554118033,9290756.54,9291619.62,C5592464,5577.88,4714.8,0,0
1,DEBIT,3584.21,C833240229,135496.0,131911.79,C1330106945,100614.05,24044.18,0,0
5,CASH_OUT,293520.06,C1309713184,0.0,0.0,C453211571,5174801.52,5950433.65,0,0
7,PAYMENT,12999.97,C1130431409,13390.0,390.03,M1114712230,0.0,0.0,0,0
1,PAYMENT,23069.76,C234223040,0.0,0.0,M814377348,0.0,0.0,0,0
5,CASH_OUT,89293.11,C1469597388,0.0,0.0,C1538745405,139849.81,229142.92,0,0
6,DEBIT,7956.2,C1653050748,50786.0,42829.8,C191614132,145062.2,9701.14,0,0
7,CASH_OUT,315257.69,C1509270390,0.0,0.0,C16344660,869001.92,0.0,0,0
5,CASH_IN,17431.43,C262926126,5440828.93,5458260.36,C248609774,6736054.44,6393139.71,0,0
6,CASH_OUT,132163.7,C121286266,0.0,0.0,C1538745405,414060.56,546224.26,0,0
1,PAYMENT,2064.02,C1367612102,1798634.37,1796570.34,M1537371824,0.0,0.0,0,0
1,CASH_OUT,181.0,C840083671,181.0,0.0,C38997010,21182.0,0.0,1,0
1,CASH_OUT,549884.88,C915233792,4291.6,0.0,C11003494,9576311.43,10588885.27,0,0
4,PAYMENT,7055.96,C1147964530,0.0,0.0,M1848568533,0.0,0.0,0,0
1,CASH_OUT,107308.84,C1523084197,0.0,0.0,C1291286504,124605.82,66575.5,0,0
6,TRANSFER,340936.73,C5112121,205908.67,0.0,C804836251,5009.0,108483.43,0,0
6,TRANSFER,604786.9,C1442882168,0.0,0.0,C1838584624,7353277.5,8245234.16,0,0
1,CASH_IN,183250.0,C1195396074,3845245.42,4028495.42,C736709391,231999.55,46820.71,0,0
1,CASH_OUT,58820.08,C594858858,0.0,0.0,C1360767589,1107573.06,2107965.39,0,0
1,PAYMENT,688.53,C1622863652,244496.0,243807.47,M102052782,0.0,0.0,0,0
1,PAYMENT,2755.96,C1530957251,20987.0,18231.04,M1292472219,0.0,0.0,0,0
7,PAYMENT,2836.24,C825899768,47988.0,45151.76,M26362041,0.0,0.0,0,0
7,CASH_OUT,77895.39,C608525648,0.0,0.0,C853932876,116829.0,573514.06,0,0
7,CASH_OUT,29066.84,C906808168,0.0,0.0,C373928166,99862.85,128929.7,0,0
1,PAYMENT,11334.96,C1398508580,0.0,0.0,M1251285265,0.0,0.0,0,0
5,PAYMENT,25625.94,C828064258,97618.85,71992.91,M1491089257,0.0,0.0,0,0
7,CASH_OUT,24971.08,C1502606003,0.0,0.0,C1733439693,41401.0,66372.08,0,0
1,CASH_IN,89380.43,C492656161,4050186.19,4139566.62,C1459035867,221328.0,58638.78,0,0
1,PAYMENT,6350.75,C1798861270,20071.0,13720.25,M923360749,0.0,0.0,0,0
6,TRANSFER,250371.89,C1754452995,12711.0,0.0,C638590716,49213.86,333751.15,0,0
